[
  {
    "title": "深入理解计算机系统",
    "price": 150,
    "author": "（美）兰德尔E.布莱恩特（Randal E.Bryant）等 /2016-11-14 /机械工业出版社",
    "picpath": "images/srljjsjxt.jpg",
    "link": "book_1.html",
    "stock": 777,
    "category": 1
  },
  {
    "title": "数据库系统概念",
    "price": 70,
    "author": "(美)西尔伯沙茨 /2012-05-01 /机械工业出版社",
    "picpath": "images/sjkxtgn.jpg",
    "link": "book_2.html",
    "stock": 888,
    "category": 1
  },
  {
    "title": "他改变了中国",
    "price": 46.6,
    "author": "（美）罗伯特·劳伦斯·库恩 著，谈峥 于海江 等译，陆谷孙 校 /2005-01-01 /上海译文出版社",
    "picpath": "images/tgblzg.jpg",
    "link": "book_3.html",
    "stock": 800,
    "category": 2
  },
  {
    "title": "他改变了中国 II",
    "price": 46.7,
    "author": "（美）罗伯特·劳伦斯·库恩 著，谈峥 于海江 等译，陆谷孙 校 /2005-01-01 /上海译文出版社",
    "picpath": "images/tgblzg.jpg",
    "link": "book_3.html",
    "stock": 1030,
    "category": 2
  }
]